Titles,Prices,Images
"realme C33 2023 (Night Sea, 64 GB)","₹9,999",https://rukminim1.flixcart.com/image/312/312/xif0q/mobile/e/n/j/-original-imaghuf9vphhbnkc.jpeg?q=70
"realme C33 2023 (Aqua Blue, 64 GB)","₹9,999",https://rukminim1.flixcart.com/image/312/312/xif0q/mobile/9/z/o/-original-imaghuf9guqmb65z.jpeg?q=70
"realme C33 2023 (Sandy Gold, 64 GB)","₹9,999",https://rukminim1.flixcart.com/image/312/312/xif0q/mobile/w/o/s/-original-imaghuf9mryjhf3m.jpeg?q=70
"Realme C30 - Locked with Airtel Prepaid (Denim Black, 32 GB)","₹5,549",https://rukminim1.flixcart.com/image/312/312/xif0q/mobile/i/b/c/-original-imaghafug7zpnemh.jpeg?q=70
"realme C55 (Sunshower, 128 GB)","₹13,999",https://rukminim1.flixcart.com/image/312/312/xif0q/mobile/a/z/7/-original-imagzbs5yww8gwjw.jpeg?q=70
"realme C55 (Rainy Night, 128 GB)","₹13,999",https://rukminim1.flixcart.com/image/312/312/xif0q/mobile/h/y/7/-original-imagzbs5gjxey4wy.jpeg?q=70
"realme C55 (Sunshower, 64 GB)","₹11,999",https://rukminim1.flixcart.com/image/312/312/xif0q/mobile/a/z/7/-original-imagzbs5yww8gwjw.jpeg?q=70
"realme C55 (Rainy Night, 64 GB)","₹11,999",https://rukminim1.flixcart.com/image/312/312/xif0q/mobile/h/y/7/-original-imagzbs5gjxey4wy.jpeg?q=70
"realme C55 (Sunshower, 64 GB)","₹10,999",https://rukminim1.flixcart.com/image/312/312/xif0q/mobile/a/z/7/-original-imagzbs5yww8gwjw.jpeg?q=70
"realme C55 (Rainy Night, 64 GB)","₹10,999",https://rukminim1.flixcart.com/image/312/312/xif0q/mobile/h/y/7/-original-imagzbs5gjxey4wy.jpeg?q=70
"realme 10 Pro+ 5G (Nebula Blue, 256 GB)","₹27,999",https://rukminim1.flixcart.com/image/312/312/xif0q/mobile/i/y/j/-original-imagkp8fpw35uygd.jpeg?q=70
"realme 10 Pro+ 5G (Nebula Blue, 128 GB)","₹25,999",https://rukminim1.flixcart.com/image/312/312/xif0q/mobile/i/y/j/-original-imagkp8fpw35uygd.jpeg?q=70
"realme 10 Pro+ 5G (Dark Matter, 128 GB)","₹25,999",https://rukminim1.flixcart.com/image/312/312/xif0q/mobile/v/j/h/-original-imagkp8fvenrrkth.jpeg?q=70
"realme 10 Pro+ 5G (Hyperspace, 128 GB)","₹25,999",https://rukminim1.flixcart.com/image/312/312/xif0q/mobile/3/q/k/-original-imagkp8f9vrfqtfg.jpeg?q=70
"realme 10 Pro+ 5G (Hyperspace, 128 GB)","₹24,999",https://rukminim1.flixcart.com/image/312/312/xif0q/mobile/3/q/k/-original-imagkp8f9vrfqtfg.jpeg?q=70
"realme 10 Pro+ 5G (Nebula Blue, 128 GB)","₹24,999",https://rukminim1.flixcart.com/image/312/312/xif0q/mobile/i/y/j/-original-imagkp8fpw35uygd.jpeg?q=70
"realme 10 Pro+ 5G (Dark Matter, 128 GB)","₹24,999",https://rukminim1.flixcart.com/image/312/312/xif0q/mobile/v/j/h/-original-imagkp8fvenrrkth.jpeg?q=70
"realme C35 (Glowing Black, 64 GB)","₹11,999",https://rukminim1.flixcart.com/image/312/312/l0fm07k0/mobile/1/k/g/-original-imagc7ukmgugpdfy.jpeg?q=70
"realme 9 5G SE (Starry Glow, 128 GB)","₹18,999",https://rukminim1.flixcart.com/image/312/312/l0jwbrk0/mobile/a/i/f/-original-imagcb65xhtbvfkx.jpeg?q=70
"realme 9 5G SE (Azure Glow, 128 GB)","₹18,999",https://rukminim1.flixcart.com/image/312/312/l0jwbrk0/mobile/b/w/1/-original-imagcb668sagq8wf.jpeg?q=70
"realme C35 (Glowing Green, 64 GB)","₹11,999",https://rukminim1.flixcart.com/image/312/312/l0fm07k0/mobile/y/g/i/-original-imagc7ryyhrrcgxh.jpeg?q=70
"Realme C30 - Locked with Airtel Prepaid (Bamboo Green, 32 GB)","₹5,549",https://rukminim1.flixcart.com/image/312/312/xif0q/mobile/u/p/3/-original-imagh9anjdvxdtfb.jpeg?q=70
"realme C35 (Glowing Black, 128 GB)","₹11,999",https://rukminim1.flixcart.com/image/312/312/l0fm07k0/mobile/1/k/g/-original-imagc7ukmgugpdfy.jpeg?q=70
"realme C30 (Bamboo Green, 32 GB)","₹5,999",https://rukminim1.flixcart.com/image/312/312/l4ln8nk0/mobile/p/h/p/-original-imagfggryyzyvhgw.jpeg?q=70
